Industry,Country,Y2019,Y2020,Y2021,Y2022,Y2023
"Agriculture, Forestry, Fishing and Hunting",United States,9639071912,9844850433,10844595576,13233728140,13821010176
"Agriculture, Forestry, Fishing and Hunting",China,3805581099,5089960398,5962683096,6394254207,8330563678
"Agriculture, Forestry, Fishing and Hunting",Japan,2508615324,2642525635,3055994740,3321036231,2636694322
"Agriculture, Forestry, Fishing and Hunting",Mexico,832446205,1030651311,1467235743,1535817108,1314726950
"Agriculture, Forestry, Fishing and Hunting",Indonesia,807568144,816619456,852821776,1057660327,1311605610
"Agriculture, Forestry, Fishing and Hunting",Algeria,427299588,355124143,674483812,729835286,1072668746
"Agriculture, Forestry, Fishing and Hunting",Italy,581330417,846349244,696569548,977651584,831147272
"Agriculture, Forestry, Fishing and Hunting",India,428556294,713839466,412252309,405792350,804646889
"Agriculture, Forestry, Fishing and Hunting",Peru,403742625,606289123,623296203,599386246,744747230
"Agriculture, Forestry, Fishing and Hunting",Bangladesh,1085394047,1059877863,788968756,854886466,722044755
"Agriculture, Forestry, Fishing and Hunting",Colombia,497153976,506766578,622337233,761946792,642610890
"Agriculture, Forestry, Fishing and Hunting",Spain,201089210,210962346,304026947,445994978,607188269
"Agriculture, Forestry, Fishing and Hunting",Morocco,287057513,508366772,373072429,553773161,590781695
"Agriculture, Forestry, Fishing and Hunting",United Arab Emirates,645574193,943183428,940792994,477414729,586214441
"Agriculture, Forestry, Fishing and Hunting",Turkey,316473550,514756751,455111242,530004138,583159722
"Agriculture, Forestry, Fishing and Hunting",United Kingdom,350535351,441710228,539961443,596167151,543099202
"Agriculture, Forestry, Fishing and Hunting",Iran,318210597,406728190,391551233,355089394,447953395
"Agriculture, Forestry, Fishing and Hunting",Ecuador,198056673,227881543,425168143,341324930,390951371
"Agriculture, Forestry, Fishing and Hunting",Nigeria,247412625,324149662,372970773,264677988,388003446
"Agriculture, Forestry, Fishing and Hunting",Belgium,360515988,504196933,549822733,304831321,311428079
"Agriculture, Forestry, Fishing and Hunting",Ireland,123504589,105521513,181540291,298562395,294387466
"Agriculture, Forestry, Fishing and Hunting",South Korea,311196426,240983233,249979044,345701503,273449890
"Agriculture, Forestry, Fishing and Hunting",Chile,105543153,254114373,213426714,196395386,257666901
"Agriculture, Forestry, Fishing and Hunting",Philippines,28958418,116148874,102449723,207190755,250055142
"Agriculture, Forestry, Fishing and Hunting",Vietnam,229530580,181963132,113783491,130934796,241832803
"Agriculture, Forestry, Fishing and Hunting",Venezuela,26172513,55569220,149857883,157972186,237790553
"Agriculture, Forestry, Fishing and Hunting",Netherlands,216368042,536051956,296172524,243866980,236197105
"Agriculture, Forestry, Fishing and Hunting",Malaysia,136958605,118951005,133108230,189171403,228466699
"Agriculture, Forestry, Fishing and Hunting",Germany,302384394,387714197,164917990,179163214,224040379
"Agriculture, Forestry, Fishing and Hunting",Thailand,183477253,142005368,115489299,170336637,209628259
"Agriculture, Forestry, Fishing and Hunting",Guatemala,9805726,38063765,119489719,113255599,207756076
"Agriculture, Forestry, Fishing and Hunting",Australia,230727787,205942981,63520011,103179284,168150377
"Agriculture, Forestry, Fishing and Hunting",Ghana,129126503,133963371,184712812,160606777,156962847
"Agriculture, Forestry, Fishing and Hunting",France,436246198,734494125,512632085,331474021,133063172
"Agriculture, Forestry, Fishing and Hunting",Hong Kong,309539580,221136510,188692119,135794912,128522904
"Agriculture, Forestry, Fishing and Hunting",Dominican Republic,92867365,109508671,105456590,145011369,125136035
"Agriculture, Forestry, Fishing and Hunting",Portugal,133463665,118515237,68879163,186571390,119590330
"Agriculture, Forestry, Fishing and Hunting",Tunisia,59739311,125908772,63064595,103020532,119300968
"Agriculture, Forestry, Fishing and Hunting",Taiwan,85328523,90317830,82328487,98762437,117376121
"Agriculture, Forestry, Fishing and Hunting",Costa Rica,50136020,71701752,87750356,92235788,104004317
"Agriculture, Forestry, Fishing and Hunting",Israel,36273303,77653639,161497654,140338677,99075964
"Agriculture, Forestry, Fishing and Hunting",El Salvador,563992,18602085,53436256,60329779,97421652
"Agriculture, Forestry, Fishing and Hunting",Sri Lanka,171280718,207692618,88258874,26756617,97233691
"Agriculture, Forestry, Fishing and Hunting",Mozambique,38844607,80972079,29569287,43369083,90619392
"Agriculture, Forestry, Fishing and Hunting",Haiti,19106259,40348852,22306702,49326967,89998313
"Agriculture, Forestry, Fishing and Hunting",Brazil,81388238,78019549,59054652,70389974,86963623
"Agriculture, Forestry, Fishing and Hunting",Egypt,74861958,119082307,156037882,100538138,70365024
"Agriculture, Forestry, Fishing and Hunting",Pakistan,495935892,535706796,443440129,423191426,68650510
"Agriculture, Forestry, Fishing and Hunting",Sudan,16410723,61554754,40117632,23757761,67746561
"Agriculture, Forestry, Fishing and Hunting",Cuba,98171182,60663952,64054208,51249804,65542697
"Agriculture, Forestry, Fishing and Hunting",Iraq,17164521,106625,48196,28291255,55148622
"Agriculture, Forestry, Fishing and Hunting",Cameroon,40192597,56487489,61973652,29167758,49363557
"Agriculture, Forestry, Fishing and Hunting",Singapore,32399276,30498276,26059064,38383539,46746663
"Agriculture, Forestry, Fishing and Hunting",Norway,18406182,52283126,101815140,45581805,43997308
"Agriculture, Forestry, Fishing and Hunting",Greece,59052425,30084948,38480363,41015439,41635400
"Agriculture, Forestry, Fishing and Hunting",Panama,12552373,15323555,11310100,18009640,41193012
"Agriculture, Forestry, Fishing and Hunting",Kenya,47014994,35299060,51097885,33289772,40804500
"Agriculture, Forestry, Fishing and Hunting",Nicaragua,1764166,20916825,2208573,39582848,40720084
"Agriculture, Forestry, Fishing and Hunting",Trinidad and Tobago,12005887,11466506,21590538,17871564,39814097
"Agriculture, Forestry, Fishing and Hunting",Togo,12350748,13445922,26483706,22848940,36958371
"Agriculture, Forestry, Fishing and Hunting",South Africa,23338634,58922972,34800992,11653274,31614158
"Agriculture, Forestry, Fishing and Hunting",Tanzania,15116288,10983960,10540557,17975265,24450173
"Agriculture, Forestry, Fishing and Hunting",Russia,38572692,42794315,30795350,20052732,23989627
"Agriculture, Forestry, Fishing and Hunting",Saudi Arabia,7649307,11445633,31331043,14026468,23458884
"Agriculture, Forestry, Fishing and Hunting",Senegal,11228955,9942470,11257073,11708031,19424777
"Agriculture, Forestry, Fishing and Hunting",Jamaica,3271108,3584642,7507008,17350346,18894596
"Agriculture, Forestry, Fishing and Hunting",New Zealand,14655489,18165762,14875667,15762026,18732272
"Agriculture, Forestry, Fishing and Hunting",Syria,21895219,32985038,7443444,29548111,18686695
"Agriculture, Forestry, Fishing and Hunting",Argentina,19990491,10914614,20075328,10585588,18029265
"Agriculture, Forestry, Fishing and Hunting",Angola,27790124,25520146,20543382,20850826,18020829
"Agriculture, Forestry, Fishing and Hunting",Kuwait,48308681,20047293,14862637,49567750,16092482
"Agriculture, Forestry, Fishing and Hunting",Oman,18656372,14521228,5326245,274439,15461032
"Agriculture, Forestry, Fishing and Hunting",Côte-d'Ivoire,7267195,6256006,5094136,6359434,15408795
"Agriculture, Forestry, Fishing and Hunting",Slovenia,810214,1414551,1159129,906397,15399828
"Agriculture, Forestry, Fishing and Hunting",Lebanon,24791592,13354607,8295225,20428878,14761979
"Agriculture, Forestry, Fishing and Hunting",Poland,12689160,10879820,15529100,13677756,13203853
"Agriculture, Forestry, Fishing and Hunting",Denmark,15622792,34183276,13487199,12929804,13176107
"Agriculture, Forestry, Fishing and Hunting",Uganda,4968742,1956395,3013284,2506540,8729160
"Agriculture, Forestry, Fishing and Hunting",Croatia,4842666,6511623,6640981,6716404,8343255
"Agriculture, Forestry, Fishing and Hunting",Hungary,6785901,6633490,7477451,6815167,7513572
"Agriculture, Forestry, Fishing and Hunting",Switzerland,14424641,10909097,84556094,5583467,7304174
"Agriculture, Forestry, Fishing and Hunting",Sweden,3801951,6648122,5987268,5863517,6842504
"Agriculture, Forestry, Fishing and Hunting",Guyana,1360876,1528472,6603092,12106011,5736139
"Agriculture, Forestry, Fishing and Hunting",Jordan,5167254,6661509,5017372,7880098,5550849
"Agriculture, Forestry, Fishing and Hunting",Finland,9878334,4205293,6129655,15222273,5376413
"Agriculture, Forestry, Fishing and Hunting",Nepal,113102894,140721661,51723941,24474892,5023760
"Agriculture, Forestry, Fishing and Hunting",Cambodia,40237528,7479025,12277955,4942361,4875668
"Agriculture, Forestry, Fishing and Hunting",Uruguay,2976518,4290615,5544239,1183041,4823963
"Agriculture, Forestry, Fishing and Hunting",Myanmar,22314309,10624361,3075180,1820592,4719345
"Agriculture, Forestry, Fishing and Hunting",Rwanda,5699231,360692,1379308,1927224,4615115
"Agriculture, Forestry, Fishing and Hunting",Malawi,10448170,4425519,2841175,,4309848
"Agriculture, Forestry, Fishing and Hunting",Estonia,525897,421683,818244,1469748,4205077
"Agriculture, Forestry, Fishing and Hunting",Mauritania,,5422270,,3290063,4047091
"Agriculture, Forestry, Fishing and Hunting",Yemen,9807356,4326048,5447025,1905758,4018354
"Agriculture, Forestry, Fishing and Hunting",Czech Republic,4260478,5968044,3844408,4404410,3973291
"Agriculture, Forestry, Fishing and Hunting",Macao,8062604,1302289,427468,444814,3953253
"Agriculture, Forestry, Fishing and Hunting",Saint Lucia,1552305,3045898,2081096,4102779,3677451
"Agriculture, Forestry, Fishing and Hunting",Bulgaria,1171979,1878999,1780665,2988489,2864032
"Agriculture, Forestry, Fishing and Hunting",Bolivia,1844481,2940670,1966212,2956340,2371231
"Agriculture, Forestry, Fishing and Hunting",Slovakia,699916,1006411,821736,468806,2346608
"Agriculture, Forestry, Fishing and Hunting",Ukraine,5088134,4325198,4053317,2123528,2317948
"Agriculture, Forestry, Fishing and Hunting",Bahamas,126623,207076,184334,1281457,1984891
"Agriculture, Forestry, Fishing and Hunting",Austria,3292558,2906611,975126,1253537,1952599
"Agriculture, Forestry, Fishing and Hunting",Gambia,415066,497482,529804,5000,1948969
"Agriculture, Forestry, Fishing and Hunting",Cyprus,1179475,1560721,1548658,2104703,1857665
"Agriculture, Forestry, Fishing and Hunting",Bosnia and Herzegovina,439721,1164003,684337,1565208,1740036
"Agriculture, Forestry, Fishing and Hunting",Cape Verde,1669563,1801432,951992,1429657,1639223
"Agriculture, Forestry, Fishing and Hunting",Serbia,188472,406973,898520,1046416,1482528
"Agriculture, Forestry, Fishing and Hunting",Saint Pierre-Miquelon,1240661,1313001,1357762,1256822,1408381
"Agriculture, Forestry, Fishing and Hunting",Mauritius,914720,835461,1939803,2091573,1345445
"Agriculture, Forestry, Fishing and Hunting",Qatar,18232853,2244113,1101268,1243668,1331217
"Agriculture, Forestry, Fishing and Hunting",Barbados,557545,367733,369032,696858,1158104
"Agriculture, Forestry, Fishing and Hunting",Lithuania,2959342,2707056,3280948,1086212,1123167
"Agriculture, Forestry, Fishing and Hunting",Malta,712487,1263777,1842099,1307890,1117935
"Agriculture, Forestry, Fishing and Hunting",Bahrain,286993,281955,225583,2188911,1074217
"Agriculture, Forestry, Fishing and Hunting",Gabon,,820702,976843,2657927,976773
"Agriculture, Forestry, Fishing and Hunting",Suriname,911853,590699,351986,878171,882093
"Agriculture, Forestry, Fishing and Hunting",Brunei Darussalam,508110,473829,334483,401820,793989
"Agriculture, Forestry, Fishing and Hunting",Honduras,525976,376123,505422,863979,777452
"Agriculture, Forestry, Fishing and Hunting",Dominica,640683,518320,515122,858413,625593
"Agriculture, Forestry, Fishing and Hunting",Georgia,140282,678748,1322227,288877,578012
"Agriculture, Forestry, Fishing and Hunting",Montenegro,678114,868802,715609,433532,575946
"Agriculture, Forestry, Fishing and Hunting",Romania,489535,584051,588304,128081,550899
"Agriculture, Forestry, Fishing and Hunting",Kazakhstan,1527968,2023942,1984707,400287,539169
"Agriculture, Forestry, Fishing and Hunting",Curacao,333631,356912,487868,515313,522361
"Agriculture, Forestry, Fishing and Hunting",Burundi,1615182,302190,446536,1418868,487925
"Agriculture, Forestry, Fishing and Hunting",Luxembourg,167091,141748,,,477292
"Agriculture, Forestry, Fishing and Hunting",Libya,11415109,5851841,16697567,16302021,473441
"Agriculture, Forestry, Fishing and Hunting",Guam,1294991,146406,,286662,471700
"Agriculture, Forestry, Fishing and Hunting",Aruba,411270,242049,346685,338474,404068
"Agriculture, Forestry, Fishing and Hunting",Grenada,247083,381762,332124,270385,356280
"Agriculture, Forestry, Fishing and Hunting",Albania,238657,211789,277054,919555,355378
"Agriculture, Forestry, Fishing and Hunting",Nauru,46823,,185257,,268365
"Agriculture, Forestry, Fishing and Hunting",Antigua and Barbuda,162688,154902,159630,184668,259861
"Agriculture, Forestry, Fishing and Hunting",Bermuda,404500,424319,453223,298742,254586
"Agriculture, Forestry, Fishing and Hunting",Paraguay,641391,417220,669275,577128,245733
"Agriculture, Forestry, Fishing and Hunting",Congo Democratic Republic,3212,25477,58563,400434,233292
"Agriculture, Forestry, Fishing and Hunting",Zimbabwe,2093994,82449,629406,87962,227635
"Agriculture, Forestry, Fishing and Hunting",Turks and Caicos Islands,77862,53146,187541,248598,211345
"Agriculture, Forestry, Fishing and Hunting",Mongolia,26217,,11100,2798,210080
"Agriculture, Forestry, Fishing and Hunting",Somalia,135868,45078,29224,312017,190388
"Agriculture, Forestry, Fishing and Hunting",Kyrgyzstan,11411,25500,,,172571
"Agriculture, Forestry, Fishing and Hunting",U.S. Minor Outlying Islands,360674,40605,214649,442304,133567
"Agriculture, Forestry, Fishing and Hunting",Cayman Islands,106003,100447,135311,166286,132310
"Agriculture, Forestry, Fishing and Hunting",Sao Tomé-Principe,136919,,35850,,131785
"Agriculture, Forestry, Fishing and Hunting",Belize,530348,388053,149087,127724,130502
"Agriculture, Forestry, Fishing and Hunting",Swaziland,796857,,47953,104805,110970
"Agriculture, Forestry, Fishing and Hunting",Bouvet Island,,,,,106210
"Agriculture, Forestry, Fishing and Hunting",Fiji,433988,950281,,,104383
"Agriculture, Forestry, Fishing and Hunting",Latvia,161242,6928527,220839,117688,100787
"Agriculture, Forestry, Fishing and Hunting",Anguilla,7322,8161,97766,116220,96769
"Agriculture, Forestry, Fishing and Hunting",Zambia,112751,52225,86079,138447,95735
"Agriculture, Forestry, Fishing and Hunting",Sint Maarten,140535,61881,144968,113704,87669
"Agriculture, Forestry, Fishing and Hunting",Armenia,122426,64500,160866,257033,84118
"Agriculture, Forestry, Fishing and Hunting",Guinea-Bissau,,,164732,,80803
"Agriculture, Forestry, Fishing and Hunting","Bonaire, Sint Eustatius and Saba",46127,28378,90127,58928,80482
"Agriculture, Forestry, Fishing and Hunting",North Macedonia,136645,228646,95866,483777,75223
"Agriculture, Forestry, Fishing and Hunting",Saint Kitts and Nevis,294089,43647,66275,36519,61854
"Agriculture, Forestry, Fishing and Hunting",Saint Vincent and the Grenadines,97360,105656,203052,317732,52952
"Agriculture, Forestry, Fishing and Hunting",Uzbekistan,231750,179833,226634,33179,49218
"Agriculture, Forestry, Fishing and Hunting",Benin,67482,,36000,,42302
"Agriculture, Forestry, Fishing and Hunting",Moldova,,191058,,,39762
"Agriculture, Forestry, Fishing and Hunting",British Virgin Islands,33066,1789221,32281,28495,35652
"Agriculture, Forestry, Fishing and Hunting",Laos,28085,57407,94306,56545,34546
"Agriculture, Forestry, Fishing and Hunting",Belarus,194201,666710,212676,50498,21287
"Agriculture, Forestry, Fishing and Hunting",Papua New Guinea,,,,,19604
"Agriculture, Forestry, Fishing and Hunting",Vanuatu,,,,,7970
"Agriculture, Forestry, Fishing and Hunting",Lesotho,5502,,35288,3930,7038
"Agriculture, Forestry, Fishing and Hunting",Ethiopia,,891015,201723,,3398
"Agriculture, Forestry, Fishing and Hunting",Greenland,52552,9319,729,12217,939
"Agriculture, Forestry, Fishing and Hunting",Namibia,2551944,2469721,2371425,3,1
"Agriculture, Forestry, Fishing and Hunting",Djibouti,,,198700,403567,
"Agriculture, Forestry, Fishing and Hunting",Sierra Leone,32310,,,345194,
"Agriculture, Forestry, Fishing and Hunting",Timor-Leste,,,,177274,
"Agriculture, Forestry, Fishing and Hunting",Iceland,138488,119244,46974,132497,
"Agriculture, Forestry, Fishing and Hunting",Liberia,503540,531871,302698,44068,
"Agriculture, Forestry, Fishing and Hunting",Madagascar,69368,,,31166,
"Agriculture, Forestry, Fishing and Hunting",New Caledonia,,,,8160,
"Agriculture, Forestry, Fishing and Hunting",Christmas Island,56700,49203,17500,6922,
"Agriculture, Forestry, Fishing and Hunting",Mali,,,11289274,,
"Agriculture, Forestry, Fishing and Hunting",Turkmenistan,,,4329829,,
"Agriculture, Forestry, Fishing and Hunting",Burkina Faso,,45161,2786096,,
"Agriculture, Forestry, Fishing and Hunting",Chad,117650,127871,150764,,
"Agriculture, Forestry, Fishing and Hunting",Republic of the Congo,,,91096,,
"Agriculture, Forestry, Fishing and Hunting",South Sudan,45000,52183,39390,,
"Agriculture, Forestry, Fishing and Hunting",Central African Republic,,,32806,,
"Agriculture, Forestry, Fishing and Hunting",Gibraltar,,,28642,,
"Agriculture, Forestry, Fishing and Hunting",French Polynesia,,,8108,,
"Agriculture, Forestry, Fishing and Hunting",Equatorial Guinea,,,415,,
"Agriculture, Forestry, Fishing and Hunting",Montserrat,,114008,,,
"Agriculture, Forestry, Fishing and Hunting",Kiribati,17545,94993,,,
"Agriculture, Forestry, Fishing and Hunting",Tajikistan,5500,36000,,,
"Agriculture, Forestry, Fishing and Hunting",Pitcairn Island,1824,20493,,,
"Agriculture, Forestry, Fishing and Hunting",Afghanistan,57308,9090,,,
"Agriculture, Forestry, Fishing and Hunting",Cocos (Keeling) Islands,,6064,,,
"Agriculture, Forestry, Fishing and Hunting",Guinea,,2000,,,
"Agriculture, Forestry, Fishing and Hunting",Comoros,1564910,,,,
"Agriculture, Forestry, Fishing and Hunting",Seychelles,189249,,,,
"Agriculture, Forestry, Fishing and Hunting",British Indian Ocean Territories,120176,,,,
Mining and Oil and Gas Extraction,United States,1.05E+11,77344291303,1.22E+11,1.89E+11,1.61E+11
Mining and Oil and Gas Extraction,United Kingdom,15266912464,16194768590,12264620496,17193742610,9996892707
Mining and Oil and Gas Extraction,China,4902356338,5764801375,8356124193,9023858053,8733558798
Mining and Oil and Gas Extraction,Japan,3492062157,3152022666,3785694922,6018224059,5996020391
Mining and Oil and Gas Extraction,Switzerland,598429621,1036252837,2130900089,3021735460,4056256071
Mining and Oil and Gas Extraction,Hong Kong,2068879073,422158950,2068010385,2096693003,3902092016
Mining and Oil and Gas Extraction,South Korea,2850036935,2349229446,3136527431,4797859741,3703610038
Mining and Oil and Gas Extraction,Netherlands,1666060657,1135309478,1443269914,1945801091,3215689909
Mining and Oil and Gas Extraction,Brazil,1181270073,980485054,1219917150,2688496690,2697025075
Mining and Oil and Gas Extraction,Belgium,1342426740,1008569429,1782976478,2753383471,2290426418
Mining and Oil and Gas Extraction,India,2655801525,1745718532,1034908706,2577685783,2092367001
Mining and Oil and Gas Extraction,Germany,859527481,1227396349,1563672287,1580010263,1632669441
Mining and Oil and Gas Extraction,Spain,584684491,475687461,1168664520,1559437276,858894483
Mining and Oil and Gas Extraction,Taiwan,745108894,471471991,841524586,1103091022,692426966
Mining and Oil and Gas Extraction,France,606626206,644515259,900193445,792342590,669575981
Mining and Oil and Gas Extraction,Bangladesh,48170353,16590611,64894101,654218328,522529814
Mining and Oil and Gas Extraction,Australia,33877367,62955897,199923694,361975430,510138400
Mining and Oil and Gas Extraction,Indonesia,326989657,417737657,664116822,1362774202,414325192
Mining and Oil and Gas Extraction,Botswana,573062247,334317303,264541362,361892294,324153207
Mining and Oil and Gas Extraction,Finland,459506570,538593637,429590808,392886374,256613854
Mining and Oil and Gas Extraction,Malaysia,196663857,163762841,259392148,634269800,251450577
Mining and Oil and Gas Extraction,Philippines,146486779,232758324,384167401,117411775,230188223
Mining and Oil and Gas Extraction,Poland,136050221,73947254,233036466,340738001,209008398
Mining and Oil and Gas Extraction,Bahrain,162091830,96801581,182562063,168492434,203921000
Mining and Oil and Gas Extraction,Sweden,53878475,75260807,83053277,208115290,195451763
Mining and Oil and Gas Extraction,Colombia,49786633,38467562,58173533,133411538,160138902
Mining and Oil and Gas Extraction,Mexico,59384842,82729146,99723077,218330141,135916700
Mining and Oil and Gas Extraction,Thailand,89517749,73184858,81787349,261859451,131135591
Mining and Oil and Gas Extraction,Trinidad and Tobago,155994688,97852688,190285167,163856135,117278343
Mining and Oil and Gas Extraction,Italy,593184067,711907498,214583211,318962546,115515439
Mining and Oil and Gas Extraction,Algeria,108967637,160058592,338256935,371281788,114714712
Mining and Oil and Gas Extraction,Chile,73421826,138804701,369772333,240930706,110261890
Mining and Oil and Gas Extraction,Uruguay,32052152,15183895,39019495,110201657,90099058
Mining and Oil and Gas Extraction,Qatar,85435983,420912,559353,64415718,87606804
Mining and Oil and Gas Extraction,Egypt,83803995,89591286,184124181,139230964,87483391
Mining and Oil and Gas Extraction,Vietnam,314136300,94421911,71016582,146424592,68636267
Mining and Oil and Gas Extraction,Argentina,17291398,73582836,99733575,78747659,65702013
Mining and Oil and Gas Extraction,Norway,493699,6612113,308184,7581638,59736818
Mining and Oil and Gas Extraction,Turkey,302723552,173022243,139964694,157317915,59239058
Mining and Oil and Gas Extraction,New Zealand,316198,10567674,17890474,62994915,48407741
Mining and Oil and Gas Extraction,Côte-d'Ivoire,5894,1527903,3306300,32372228,40930457
Mining and Oil and Gas Extraction,New Caledonia,11828060,13191710,19937124,41118813,38771729
Mining and Oil and Gas Extraction,Guatemala,7736518,13219665,18157245,37794526,37931687
Mining and Oil and Gas Extraction,Ecuador,1006762,8313637,12548773,15240764,35374194
Mining and Oil and Gas Extraction,United Arab Emirates,14907633,27590393,33121828,28575768,34915311
Mining and Oil and Gas Extraction,Morocco,46339176,8782667,23682670,121014029,32274022
Mining and Oil and Gas Extraction,Costa Rica,11136603,11616352,15967531,40936751,31071209
Mining and Oil and Gas Extraction,Romania,11538289,44344782,27039514,28338,23027857
Mining and Oil and Gas Extraction,Denmark,155471,254486,349048,12694243,22724052
Mining and Oil and Gas Extraction,Cameroon,,,,10282215,21801982
Mining and Oil and Gas Extraction,Honduras,2470874,10219496,9596832,10003812,20729501
Mining and Oil and Gas Extraction,Peru,18007190,20317376,1238720,10048994,20371372
Mining and Oil and Gas Extraction,Nigeria,2,6775,,140215803,15379686
Mining and Oil and Gas Extraction,Benin,,,,,14404748
Mining and Oil and Gas Extraction,Nicaragua,8932997,2168669,7125481,5843109,14123532
Mining and Oil and Gas Extraction,Slovenia,5784142,18271074,14445,10667021,10550076
Mining and Oil and Gas Extraction,South Africa,7762217,8367736,9893600,34303439,7372647
Mining and Oil and Gas Extraction,Singapore,1377143,44650278,10620183,16958111,6858279
Mining and Oil and Gas Extraction,Panama,3727985,1223756,4282207,1903680,6827608
Mining and Oil and Gas Extraction,Senegal,11487,29850,133252,,6281433
Mining and Oil and Gas Extraction,Belize,1238796,1052172,821443,2079876,2807327
Mining and Oil and Gas Extraction,El Salvador,1026200,750801,2471233,1493501,2054074
Mining and Oil and Gas Extraction,Ghana,9116,2658596,2174069,4261203,1653225
Mining and Oil and Gas Extraction,Ireland,52123247,65518793,209032132,88962681,1096878
Mining and Oil and Gas Extraction,Pakistan,296745,54592,1142045,343176,1002144
Mining and Oil and Gas Extraction,Bahamas,998536,24490,42724,19257,909456
Mining and Oil and Gas Extraction,Cuba,1608482,5484880,973339,205964,877942
Mining and Oil and Gas Extraction,Latvia,264817,434937,359284,440287,807519
Mining and Oil and Gas Extraction,Bermuda,772490,64484,114523,124916,784354
Mining and Oil and Gas Extraction,Lithuania,,38292,56231,754311,728050
Mining and Oil and Gas Extraction,Dominican Republic,573241,472684,584275,1056335,714507
Mining and Oil and Gas Extraction,Jamaica,431651,445442,657507,497101,648320
Mining and Oil and Gas Extraction,Czech Republic,77517,,25689,307022,604633
Mining and Oil and Gas Extraction,Venezuela,556997,111661,231122,110295,260950
Mining and Oil and Gas Extraction,Guyana,60185,133756,94916,158521,233080
Mining and Oil and Gas Extraction,Saudi Arabia,45831,39024,38447,614901,197136
Mining and Oil and Gas Extraction,Barbados,213888,2906379,1585324,475721,164615
Mining and Oil and Gas Extraction,Mali,13053,44026,61618,57540,104998
Mining and Oil and Gas Extraction,Turks and Caicos Islands,20644,24230,44169,63939,100788
Mining and Oil and Gas Extraction,Grenada,49289,49127,42274,84650,94978
Mining and Oil and Gas Extraction,Israel,15554556,3263620,2396428,4587880,67865
Mining and Oil and Gas Extraction,Guam,140965,274572,166724,64702,65234
Mining and Oil and Gas Extraction,British Virgin Islands,42279,54021,50681,36890,58969
Mining and Oil and Gas Extraction,Cayman Islands,1834662,24367307,24339,,57210
Mining and Oil and Gas Extraction,Suriname,74,,,,55532
Mining and Oil and Gas Extraction,Estonia,85426,131666,25934,33065,51190
Mining and Oil and Gas Extraction,Saint Pierre-Miquelon,43957,65984,68495,45551,42200
Mining and Oil and Gas Extraction,U.S. Minor Outlying Islands,24106,41060,4520044,14157496,38514
Mining and Oil and Gas Extraction,Sri Lanka,,5414,164944,47251013,36265
Mining and Oil and Gas Extraction,Tunisia,8731350,,,,33554
Mining and Oil and Gas Extraction,Gibraltar,,,,,32940
Mining and Oil and Gas Extraction,Saint Kitts and Nevis,85690,72179,32995,29989,31795
Mining and Oil and Gas Extraction,Serbia,3478,8558,9192,3744,30949
Mining and Oil and Gas Extraction,Antigua and Barbuda,52055,126490,115125,43220,28839
Mining and Oil and Gas Extraction,Greece,5157,780837,3367712,5734,22920
Mining and Oil and Gas Extraction,Guinea,,,21922,,22637
Mining and Oil and Gas Extraction,Dominica,25988,93924,40231,8354,17753
Mining and Oil and Gas Extraction,Croatia,19415,11385,13685,,14782
Mining and Oil and Gas Extraction,Bosnia and Herzegovina,,,5745,17769,13381
Mining and Oil and Gas Extraction,Bolivia,85618,144954,51334,62717,13086
Mining and Oil and Gas Extraction,Maldives,,,,,12348
Mining and Oil and Gas Extraction,Djibouti,836,,221179,,9876
Mining and Oil and Gas Extraction,Portugal,13031,7293,25477,87989882,9067
Mining and Oil and Gas Extraction,Madagascar,,,,,6560
Mining and Oil and Gas Extraction,Macao,,13228,11739,,6000
Mining and Oil and Gas Extraction,Libya,,,,,5814
Mining and Oil and Gas Extraction,Lebanon,5014,5878,31381,,5076
Mining and Oil and Gas Extraction,Tanzania,3304,,,2998,2673
Mining and Oil and Gas Extraction,Kenya,11878,879,3144,4144,2533
Mining and Oil and Gas Extraction,Jordan,7021,6973,62378,13594,2482
Mining and Oil and Gas Extraction,Zambia,,,,19541,1598
Mining and Oil and Gas Extraction,Saint Vincent and the Grenadines,1035,,,,467
Mining and Oil and Gas Extraction,Bulgaria,165365989,153465277,99825853,30050974,188
Mining and Oil and Gas Extraction,Austria,,2050,198,66294,137
Mining and Oil and Gas Extraction,Sierra Leone,,,4617,,46
Mining and Oil and Gas Extraction,Angola,,80,,22201753,
Mining and Oil and Gas Extraction,Armenia,4790430,10906,394339,432422,
Mining and Oil and Gas Extraction,"Bonaire, Sint Eustatius and Saba",,,,307519,
Mining and Oil and Gas Extraction,Cambodia,,,5297,100808,
Mining and Oil and Gas Extraction,Luxembourg,,27222,27222,54700,
Mining and Oil and Gas Extraction,Russia,320752,835052,411807,31141,
Mining and Oil and Gas Extraction,Kuwait,100965,5745,7303,24795,
Mining and Oil and Gas Extraction,Sint Maarten,54891,72031,,23469,
Mining and Oil and Gas Extraction,Republic of the Congo,3452,,,15955,
Mining and Oil and Gas Extraction,Burkina Faso,11968,17686,37151,12379,
Mining and Oil and Gas Extraction,Namibia,192402,6692,446416,9044,
Mining and Oil and Gas Extraction,Cyprus,14563,,,8562,
Mining and Oil and Gas Extraction,North Macedonia,,,,4453,
Mining and Oil and Gas Extraction,Iceland,,,,4112,
Mining and Oil and Gas Extraction,Uganda,,,,2522,
Mining and Oil and Gas Extraction,Hungary,,,7269689,1279,
Mining and Oil and Gas Extraction,Greenland,,,1893,472,
Mining and Oil and Gas Extraction,Kazakhstan,8217,842,28785,465,
Mining and Oil and Gas Extraction,Haiti,1373,355,19124,15,
Mining and Oil and Gas Extraction,Brunei Darussalam,,,,2,
Mining and Oil and Gas Extraction,Myanmar,,3591105,8080557,,
Mining and Oil and Gas Extraction,Oman,4653410,4559168,834900,,
Mining and Oil and Gas Extraction,Nepal,,,49117,,
Mining and Oil and Gas Extraction,Anguilla,,27593,39686,,
Mining and Oil and Gas Extraction,Georgia,,,5175,,
Mining and Oil and Gas Extraction,Rwanda,,872,3144,,
Mining and Oil and Gas Extraction,Mongolia,,,3017,,
Mining and Oil and Gas Extraction,Laos,,1839,471,,
Mining and Oil and Gas Extraction,Central African Republic,,,149,,
Mining and Oil and Gas Extraction,Canada,,1357290,,,
Mining and Oil and Gas Extraction,Congo Democratic Republic,,1096095,,,
Mining and Oil and Gas Extraction,Ukraine,,14565,,,
Mining and Oil and Gas Extraction,Comoros,,5763,,,
Mining and Oil and Gas Extraction,Saint Lucia,468,5395,,,
Mining and Oil and Gas Extraction,Mauritania,,531,,,
Mining and Oil and Gas Extraction,Paraguay,,160,,,
Mining and Oil and Gas Extraction,Swaziland,18605,,,,
Mining and Oil and Gas Extraction,Malta,16535,,,,
Mining and Oil and Gas Extraction,Kyrgyzstan,15269,,,,
Mining and Oil and Gas Extraction,Antarctica,9310,,,,
Mining and Oil and Gas Extraction,Iran,4294,,,,
Utilities,United States,2526135761,2580547578,3326299589,5778740918,4270711726
Utilities,Trinidad and Tobago,,,10656,,13111
Utilities,Germany,1257194,413667,1426391,1786749,
Utilities,Finland,,,,2444,
Utilities,Japan,,,,129,
Utilities,Italy,,44672,75785,,
Utilities,South Korea,31540,23985,27528,,
Utilities,Hong Kong,,,600,,
Utilities,France,,31589,,,
Utilities,Costa Rica,24775,17419,,,
Utilities,Libya,,2000,,,
Utilities,China,,1830,,,
Utilities,Russia,,559,,,
Utilities,United Kingdom,8713,,,,
Manufacturing,United States,2.8E+11,2.48E+11,2.88E+11,3.38E+11,3.58E+11
Manufacturing,China,13156690299,13437127415,12797219702,12057420957,11802435466
Manufacturing,Mexico,6035858095,4711257137,6260473573,6918981797,6868434529
Manufacturing,Japan,6325420405,6307276054,7329644241,8352296254,6848759503
Manufacturing,Germany,4183330672,3789205166,4402768591,4811867812,4335088078
Manufacturing,United Kingdom,3462498013,2697598758,3287725144,3798915945,3718537552
Manufacturing,Netherlands,2942565665,3039495227,2577079516,3789876317,3391374782
Manufacturing,France,2190167883,2037520589,2212556019,2457273478,2917812172
Manufacturing,Norway,2066667199,2382891134,2955215823,3747992963,2863000211
Manufacturing,South Korea,2192307339,1941200734,2652747533,3201045925,2716937091
Manufacturing,Australia,1591937819,1498287630,1731502124,2334829927,2131188680
Manufacturing,Saudi Arabia,2729670673,1477407011,2059968235,1150622611,1755775666
Manufacturing,Italy,1942451069,2034542839,1608533756,1393960994,1592596650
Manufacturing,India,1468532943,1004493606,1134306221,1740087651,1552976500
Manufacturing,Belgium,1300384825,1051011998,1405666283,1595668465,1336823678
Manufacturing,Singapore,1085622462,937920228,916361500,1173689460,1293984455
Manufacturing,Brazil,775097432,922033270,839132678,1030430673,1059443126
Manufacturing,Taiwan,1026276907,926935306,1156475978,1101560899,946345877
Manufacturing,United Arab Emirates,555186230,530358636,697993917,932554814,912217301
Manufacturing,Hong Kong,1276045103,1019556765,916734289,751417014,769636201
Manufacturing,Philippines,517482449,522403451,863391927,802951661,729522136
Manufacturing,Spain,630598178,646549858,790793194,904561849,661512990
Manufacturing,Switzerland,696596922,660032506,734794980,641798193,609563514
Manufacturing,Panama,202366622,101267606,141437262,354783739,596812472
Manufacturing,Malaysia,332173305,318824836,384406660,526278090,580946168
Manufacturing,Poland,261486010,240888161,315884440,533589001,568188642
Manufacturing,Indonesia,738258098,499441547,694183562,786725682,563494566
Manufacturing,Thailand,522423824,469607402,555033026,641799980,556943168
Manufacturing,Chile,635927311,512876693,585547980,588892896,533995935
Manufacturing,Peru,313966165,225050851,430864444,869745136,530682507
Manufacturing,Ukraine,124029745,121079453,173825074,124640051,474404433
Manufacturing,Sweden,303727539,284009432,299072157,433863042,469907387
Manufacturing,"Bonaire, Sint Eustatius and Saba",477583,78724535,167828731,200762780,461112044
Manufacturing,Latvia,442673269,147670754,352712965,396095544,409025844
Manufacturing,Austria,226708450,160993504,330771987,246934074,400106186
Manufacturing,Vietnam,385876010,406137934,391931608,540202670,396164271
Manufacturing,Ireland,641164653,452426538,346226782,490183561,395798236
Manufacturing,Colombia,330571690,208644280,276659786,373867298,380728791
Manufacturing,Turkey,754786649,280582522,295352669,288025563,366183866
Manufacturing,New Zealand,426390913,289680856,346787290,507623042,326390806
Manufacturing,South Africa,268089994,205853337,286707000,321834213,325900416
Manufacturing,Denmark,232700093,242590338,210521533,275357960,302339487
Manufacturing,Iraq,96185597,59419814,113270564,146173184,300808368
Manufacturing,Argentina,215478300,133955938,215625416,206767045,283525117
Manufacturing,Israel,246851179,213692625,220051382,303052262,280249857
Manufacturing,Bahamas,256166453,144809046,350005367,249935765,275452933
Manufacturing,Portugal,126129174,62513463,204238438,195984798,237678208
Manufacturing,Ecuador,154217549,147002787,124328673,237023869,220042370
Manufacturing,Bulgaria,62571816,65072261,50787357,69729334,205065618
Manufacturing,Finland,191669111,203899326,198381066,207126030,202918110
Manufacturing,Czech Republic,264818262,182672032,186597880,196884523,184705183
Manufacturing,Costa Rica,76998359,63025619,73649973,128030238,173672676
Manufacturing,Cuba,200102816,142474695,169838315,157744916,162007245
Manufacturing,Dominican Republic,115481208,124918060,140641768,184433022,148688016
Manufacturing,Morocco,111067134,79711194,90979547,70543992,147475588
Manufacturing,Malta,97112481,270784641,589367776,1094137562,137665553
Manufacturing,Egypt,493084001,375177332,234676875,205104649,135570871
Manufacturing,Romania,75025653,93822427,102664756,73937110,124227908
Manufacturing,Kazakhstan,136247816,62895146,73656011,105977296,115613034
Manufacturing,Jamaica,102684606,90403637,101162854,106528229,110461228
Manufacturing,Qatar,137494665,81620063,99549893,162014652,110115923
Manufacturing,Lithuania,54891967,56220884,119312421,137089823,109773433
Manufacturing,Kuwait,68117029,56377452,80050648,120034533,106689556
Manufacturing,Nigeria,148315450,293697906,133623993,80998687,103831910
Manufacturing,Cyprus,8001260,6524054,7485597,10578451,101193753
Manufacturing,Trinidad and Tobago,85613878,85971765,79865418,101899555,99941153
Manufacturing,Libya,31836283,23402562,26368602,33846193,93938713
Manufacturing,Algeria,101837395,71346230,51292556,86641802,91224913
Manufacturing,Oman,70078875,67359772,52728803,75108252,86851935
Manufacturing,Greece,52600130,77097349,87692946,66785419,81233767
Manufacturing,Luxembourg,89282647,112399452,135956443,51329021,73988356
Manufacturing,Pakistan,129978499,87024300,106262343,85904168,71294573
Manufacturing,Hungary,73192263,46794907,68493929,54770958,70638912
Manufacturing,Guatemala,84156121,64682891,61994287,83884223,70092344
Manufacturing,Jordan,38071694,34489757,26148937,32484369,68945283
Manufacturing,Ghana,75385481,81285415,112423720,71354679,65854518
Manufacturing,Bermuda,35872970,62867485,80841576,88357912,62562003
Manufacturing,Slovenia,84429027,81746495,67679837,104971952,54975287
Manufacturing,Bangladesh,64438263,87634554,119308469,57897063,54455554
Manufacturing,U.S. Minor Outlying Islands,7863307,7624962,44505050,44966202,49047741
Manufacturing,Bahrain,45867376,31243722,29399447,40737493,48763263
Manufacturing,Iceland,56469250,64240398,83508657,77929956,44957589
Manufacturing,Kenya,86490772,49145599,20717455,64224520,44558023
Manufacturing,Côte-d'Ivoire,25813878,24070714,23598548,29203278,43511809
Manufacturing,El Salvador,44610549,28378311,35492633,44438807,41232777
Manufacturing,Georgia,15862668,23301742,25168934,24046456,39807429
Manufacturing,Slovakia,36920758,30886238,34908333,37091990,39601700
Manufacturing,Guyana,28472714,20674696,21665070,32667837,37012313
Manufacturing,Croatia,26344674,20246879,19132355,39875389,36894199
Manufacturing,Barbados,32814071,37227264,38116458,36943454,36491917
Manufacturing,Senegal,16020918,28571280,93191305,26138362,34239423
Manufacturing,Haiti,22698919,33322368,33044075,34452409,32828515
Manufacturing,Tanzania,102426447,19168348,173215295,26653763,32803676
Manufacturing,Albania,25913142,14829086,23797326,14975226,32589609
Manufacturing,Zambia,19922392,7498988,8025629,17236172,32036889
Manufacturing,Lebanon,56662175,30071735,38644797,51014410,31792742
Manufacturing,Uruguay,39036383,42591214,33386657,55626811,30357273
Manufacturing,Honduras,23637833,22790084,35323229,28060480,29821495
Manufacturing,Angola,14801059,107764575,38139829,70384310,29577981
Manufacturing,Estonia,24140293,20840847,17978678,22678544,28225971
Manufacturing,Saint Pierre-Miquelon,9795167,13758947,30225284,32281788,28198202
Manufacturing,Sri Lanka,30250739,20059857,24202615,23845184,27244687
Manufacturing,Maldives,16848215,10512452,26849665,14699759,27041785
Manufacturing,Cambodia,12434355,5900942,16811352,17946416,26505028
Manufacturing,Mongolia,40315776,16713362,12152011,11512424,26153292
Manufacturing,Liberia,1714267,3812632,20890809,10099922,25120434
Manufacturing,Russia,543140457,491878068,516530938,174311080,24030672
Manufacturing,Macao,58473008,48892779,46001484,40738798,23815586
Manufacturing,Serbia,20153895,25174108,24443603,19031690,23671233
Manufacturing,Paraguay,14461322,13221243,16121555,16929682,23180038
Manufacturing,Suriname,23249065,14880715,16252181,20424173,22639784
Manufacturing,Gabon,12895631,12688267,12121411,35452928,22462265
Manufacturing,Greenland,7647173,5802621,11592318,22037529,22295098
Manufacturing,Venezuela,16500873,8300031,10731983,14404456,21632498
Manufacturing,Nicaragua,14537556,18809352,23388118,16390220,20356439
Manufacturing,Republic of the Congo,19714767,9399008,14944012,9904764,20307478
Manufacturing,Tunisia,16620741,13483128,19418454,19620703,19999640
Manufacturing,Guinea,11683943,10440908,14971800,13705427,19937608
Manufacturing,Cayman Islands,24914073,11854397,43632768,17769157,19871124
Manufacturing,Benin,8739995,11807235,15465086,12762684,19525573
Manufacturing,Cameroon,9366533,10635491,9053676,8091523,18468232
Manufacturing,New Caledonia,10309242,5808738,5567938,5076694,17735548
Manufacturing,Mali,17508350,28041893,29782049,16900452,17716194
Manufacturing,Laos,2215283,1527290,5662835,2067119,17607516
Manufacturing,Uganda,157351537,12876975,19566875,10748116,17557980
Manufacturing,Fiji,25556532,3352606,2830329,8068617,17313214
Manufacturing,Burkina Faso,37965068,35362964,23244643,21130252,17026898
Manufacturing,Ethiopia,126520866,142968996,73773539,77844644,16342623
Manufacturing,Papua New Guinea,7757966,9190757,3353766,5406282,16288563
Manufacturing,Mauritania,5456358,9461460,10322509,8687143,14476192
Manufacturing,Botswana,3453445,2642332,3541545,4105497,14384915
Manufacturing,Armenia,6799000,7791712,9782017,21680856,13945726
Manufacturing,Afghanistan,10319352,10866349,1485728,260972,13155801
Manufacturing,Congo Democratic Republic,9548210,11069354,7607473,7913218,12592266
Manufacturing,Madagascar,10787148,7985965,7671426,18688621,12275702
Manufacturing,Bolivia,21112939,7914635,7593277,15146503,12213124
Manufacturing,Kyrgyzstan,2747902,2668067,4903564,15054929,11195977
Manufacturing,Togo,3469990,4107122,5579627,6817097,10937588
Manufacturing,Grenada,89786691,6033543,8039541,6574639,10884872
Manufacturing,Uzbekistan,9669326,9979658,5729763,7521818,10775622
Manufacturing,French Polynesia,11240036,8887500,10452456,9820043,10622007
Manufacturing,Mozambique,15092369,4229261,8565932,12108528,9741404
Manufacturing,North Macedonia,9683446,4551755,2345812,2111453,9313098
Manufacturing,Namibia,6081003,2691575,6041471,8128973,8086571
Manufacturing,Nepal,8243870,3360382,8667669,13441640,7954636
Manufacturing,Turks and Caicos Islands,3551893,3097630,4987832,7706239,7882251
Manufacturing,Belize,7341200,3759187,4496374,73057846,7746278
Manufacturing,Saint Lucia,6027900,8147457,8529042,8676921,7589239
Manufacturing,Curacao,11211833,11565506,73627836,7489146,7013681
Manufacturing,Turkmenistan,1687872,4947912,647226,1419108,6835719
Manufacturing,Azerbaijan,8053640,6313726,4409690,5182291,6794315
Manufacturing,Sierra Leone,4577591,3972384,4969576,4746788,6323747
Manufacturing,Aruba,6364394,3296017,2099053,4716176,6214678
Manufacturing,Saint Kitts and Nevis,7266701,5467510,4493408,6603602,5773328
Manufacturing,Brunei Darussalam,3808342,4719420,5623700,6953279,5271905
Manufacturing,Iran,8494066,4953017,11617678,7420352,5133428
Manufacturing,Niger,1403836,3844467,3620867,8408943,4966792
Manufacturing,Mauritius,6392621,5286405,4770917,6487615,4965419
Manufacturing,Bosnia and Herzegovina,3131373,2342718,2765805,4011575,4884981
Manufacturing,Eritrea,330252,557448,1762787,3108236,4759599
Manufacturing,Saint Vincent and the Grenadines,3348916,4650009,4533145,5937647,4651928
Manufacturing,Dominica,5118673,2502635,3337742,6521516,4550115
Manufacturing,Zimbabwe,2156377,2054225,7079610,5251785,4458469
Manufacturing,Antigua and Barbuda,8989639,5731963,28067670,9328776,4427571
Manufacturing,Sudan,8182421,8689596,4236384,8710184,4181351
Manufacturing,Myanmar,24253423,12599385,4331431,5384309,4084844
Manufacturing,British Virgin Islands,2294123,2489576,2165398,66452478,3816178
Manufacturing,Equatorial Guinea,5493601,2906471,2472160,2450927,3593540
Manufacturing,Seychelles,3723998,2346048,909906,2211878,3499382
Manufacturing,Gambia,817027,714905,2707498,2245680,3358155
Manufacturing,Sint Maarten,3783707,2933439,2352604,3007667,3111817
Manufacturing,Yemen,1295096,3947951,1336455,3366629,2666581
Manufacturing,Central African Republic,105317,17748,741252,335168,2247677
Manufacturing,Somalia,1940291,2083386,2338264,1776749,2159829
Manufacturing,South Sudan,257269,869317,1856457,1707858,1807876
Manufacturing,Chad,26273159,8141582,306559,6396285,1780182
Manufacturing,Moldova,3286668,2662018,2918105,2040243,1755456
Manufacturing,Malawi,851893,1443246,748235,768809,1701024
Manufacturing,Anguilla,1310215,830434,1572798,3043151,1361061
Manufacturing,Guam,2291948,1773302,1091949,2119428,1360914
Manufacturing,Belarus,6562843,13754202,14986760,5748976,1165115
Manufacturing,Comoros,881870,1611136,585739,620495,1140178
Manufacturing,American Samoa,1607333,1934282,2424669,1611155,1136311
Manufacturing,Swaziland,8948070,1674792,1579703,1012965,1110819
Manufacturing,Syria,5817708,5755288,4080943,2347968,1087731
Manufacturing,Montenegro,4503827,2075109,1674037,3098191,1004901
Manufacturing,Rwanda,557339,1753856,4756128,1452268,1004508
Manufacturing,Vanuatu,223034,176649,187848,288102,868163
Manufacturing,Tajikistan,1772815,2862386,918818,336818,839544
Manufacturing,Bhutan,367662,124832,165092,297763,553171
Manufacturing,Samoa (Western),528315,584266,22960,318729,499936
Manufacturing,Andorra,266644,672242,222776,140082,477951
Manufacturing,Djibouti,1901508,1462174,3568689,15058511,391138
Manufacturing,Gibraltar,836770,271599,162054,186662,366511
Manufacturing,Tonga,656192,14850,652244,201694,335371
Manufacturing,Faeroe Islands,424899,522335,472102,836981,324945
Manufacturing,Antarctica,297822,49006,50014,27096,303119
Manufacturing,Burundi,63233,41165,337901,390488,274291
Manufacturing,Solomon Islands,351337,23151,205574,52712,184640
Manufacturing,Timor-Leste,161142,83249,426891,197763,183759
Manufacturing,Montserrat,81544,284144,248134,506195,151909
Manufacturing,French Southern Territories,97654,11632,59374,313621,141879
Manufacturing,Wallis and Futuna Islands,91697,10375,1219634,68718,76621
Manufacturing,Kiribati,473829,316575,24722,18757,70203
Manufacturing,Sao Tomé-Principe,243221,33400,1934,126290,51038
Manufacturing,Lesotho,14210,118403,548933,76000,45505
Manufacturing,Falkland Islands,71540,105722,643218,3879,33607
Manufacturing,Cocos (Keeling) Islands,21091,135368,769569,81469,33092
Manufacturing,British Indian Ocean Territories,49241,108783,47059,184865,29176
Manufacturing,Cook Islands,475274,5849,10449,702312,27000
Manufacturing,Nauru,4278,39270,,159039,18957
Manufacturing,Cape Verde,363267,370875,26063,132059,11628
Manufacturing,Guinea-Bissau,92568,256490,11391,322494,10972
Manufacturing,"Korea, North",,,,,5440
Manufacturing,Christmas Island,1424914,475200,842527,26034,5172
Manufacturing,Bouvet Island,,24067,13924,20238,
Manufacturing,Pitcairn Island,130217,89694,48992,12667,
Manufacturing,Saint Helena,354324,183278,52906,,
Manufacturing,Niue,,265,46432,,
Manufacturing,Heard and McDonald Island,,69983,11286,,
Manufacturing,Norfolk Island,82499,65630,5500,,
Manufacturing,Western Sahara,40779,34142,,,